battery_capacity_mAh,ram_GB,storage_GB,screen_size_inches,camera_MP,front_camera_MP,processor_cores,refresh_rate_Hz,weight_g,5G,fast_charging_W,price_INR
3360,3,32,5.5,48,5,4,120,175.9,1,15,25000
6272,4,32,5.5,8,10,6,90,216.3,1,33,28400
5592,12,32,6.0,12,5,8,165,156.3,1,25,46000
2966,8,32,6.5,8,10,6,90,227.8,1,80,32900
6926,8,64,5.9,200,16,6,120,195.0,0,10,37400
5944,12,256,5.1,64,16,8,60,189.5,1,33,43100
5671,16,512,6.9,64,40,8,90,205.0,1,10,54800
5419,16,32,6.9,48,12,4,144,206.2,1,25,41600
2630,2,64,6.6,108,10,6,144,161.9,1,80,31800
4185,2,64,7.0,16,16,8,60,218.1,1,10,23900
3269,4,64,6.1,24,20,8,120,174.8,1,15,24700
4891,6,256,6.9,20,40,4,144,231.4,0,10,27500
4933,3,512,5.2,48,8,4,144,223.6,1,65,39600
3684,2,256,5.7,64,40,8,165,181.2,1,15,34200
5885,8,128,5.5,12,12,4,90,222.7,1,10,32800
6617,4,64,5.4,50,5,8,120,182.1,1,45,33400
5404,3,128,5.3,64,12,6,90,159.1,1,45,34700
2974,4,32,6.2,108,8,4,120,236.6,0,15,22700
3582,3,32,6.6,108,40,6,144,208.7,0,10,23500
5058,3,256,6.2,64,10,6,165,191.0,1,18,31200
4547,12,512,5.3,108,5,6,90,185.8,0,33,47100
5247,2,128,6.6,48,5,8,144,179.2,0,45,20100
3475,4,512,6.3,64,10,6,120,238.3,0,18,32200
4306,4,256,5.8,64,32,6,90,162.1,1,100,35700
2689,12,32,6.3,16,32,6,90,178.3,0,33,27700
5234,8,512,5.5,20,12,8,144,193.7,1,15,42200
5505,8,512,5.7,12,16,6,90,193.0,1,45,44800
4399,16,32,6.8,108,32,6,165,192.4,1,80,50200
3767,2,128,5.6,16,12,4,165,165.8,1,45,26500
4028,2,32,5.9,200,32,8,144,163.0,0,25,31000
5702,6,512,6.8,200,8,6,120,172.9,1,45,50000
6056,12,128,6.4,24,20,4,144,232.3,1,80,44200
6390,8,128,5.1,24,16,8,165,160.2,1,80,41000
3146,3,32,5.3,32,12,8,60,218.2,1,15,20200
5388,4,512,5.0,48,20,8,60,218.2,1,80,44700
4935,2,256,6.3,48,20,8,90,222.9,0,45,27900
3100,4,512,5.9,8,40,8,90,229.8,0,15,29800
4863,4,64,5.3,12,32,8,60,173.7,1,10,24300
4561,6,256,6.9,64,40,6,165,170.2,1,45,40000
2741,8,128,6.1,108,10,6,90,191.9,0,65,32200
4541,2,256,5.5,12,8,6,144,173.9,1,33,33600
5324,4,128,6.0,32,8,6,144,216.1,1,80,31000
5112,2,128,6.4,200,8,4,165,207.2,0,100,30000
3863,3,256,5.2,200,16,6,90,228.7,1,25,38700
3978,6,128,5.5,8,5,8,144,157.4,1,65,36500
5056,3,128,6.6,16,16,6,90,232.4,1,80,28600
3275,2,64,5.9,12,12,6,90,176.4,1,45,25200
6514,16,512,6.1,16,20,8,144,194.2,1,15,55900
2534,2,512,5.9,24,20,6,60,189.5,1,65,33900
5652,8,64,5.1,200,40,6,144,218.4,0,100,43400
4455,4,256,5.3,108,5,6,165,187.8,0,33,33800
4085,4,32,5.9,32,12,4,120,234.9,1,15,23800
6443,3,32,5.4,64,5,6,144,231.2,0,25,27400
5573,6,32,5.1,200,20,8,90,228.5,1,18,32200
3521,16,64,6.7,108,32,8,90,156.4,1,25,53000
5961,12,64,7.0,20,16,6,144,226.9,1,65,36000
5113,4,128,6.6,48,8,6,120,220.3,1,80,30200
6343,8,32,6.7,32,20,6,144,159.3,1,10,34500
4000,3,256,5.5,12,10,8,120,159.7,0,80,28400
2661,3,256,6.9,108,8,8,120,159.1,0,33,32900
6797,12,32,5.4,200,20,4,165,151.0,1,65,46300
4481,8,32,6.9,200,16,4,90,199.4,1,10,37800
3495,6,32,7.0,200,5,4,90,237.6,1,15,31500
5842,8,64,6.4,50,32,8,120,189.5,1,10,37000
6298,6,64,7.0,48,32,4,90,198.7,1,33,30900
3775,8,64,6.1,48,8,6,60,237.1,1,45,31700
3516,8,512,5.5,50,16,6,120,173.0,1,100,44600
2837,2,256,5.9,200,32,8,90,227.3,0,80,32300
3378,3,256,6.2,8,32,4,60,199.2,1,65,28300
3576,8,128,5.1,8,12,6,165,201.3,0,33,31700
6493,12,64,6.2,50,10,8,90,180.9,1,18,39700
2879,8,512,7.0,20,8,4,60,200.5,0,100,33800
2992,4,512,5.4,24,5,6,144,156.6,1,33,39000
4562,3,256,6.6,50,32,4,144,218.8,0,18,26000
6384,4,64,6.8,24,12,8,60,175.6,0,18,26500
2564,3,128,6.9,108,16,4,120,229.9,1,18,25300
5068,4,64,6.9,20,32,8,120,183.1,1,45,26000
4527,8,32,6.0,32,40,4,90,162.9,0,10,25000
5195,8,64,7.0,24,10,6,144,212.6,0,25,27000
3995,2,32,6.5,48,5,8,120,164.8,1,80,28300
2891,12,32,5.3,108,16,8,120,217.8,1,18,38800
6974,4,128,6.0,48,16,8,144,237.1,0,33,30800
6061,6,256,6.4,20,8,4,165,220.2,1,15,33400
4778,2,64,5.5,24,32,4,120,152.0,0,15,20400
5599,4,32,6.3,16,8,6,60,204.0,1,65,27200
2700,4,64,6.3,20,5,8,90,212.6,0,18,21700
5604,2,256,5.3,20,40,8,120,224.3,1,33,31500
4954,8,256,6.1,16,32,4,120,155.0,0,18,33200
6145,4,512,6.5,108,20,4,165,193.2,1,45,41000
3304,8,256,6.0,24,32,6,60,198.2,0,18,33600
5231,2,128,5.0,24,40,6,90,165.2,0,80,24100
5273,8,32,5.0,200,20,4,120,179.0,0,15,31400
4070,3,512,5.7,48,16,8,90,189.6,1,18,37800
5190,6,128,6.9,20,8,6,144,225.0,1,80,31500
6340,16,64,5.5,20,10,4,120,233.6,1,80,45700
3528,4,32,6.3,64,32,4,120,206.6,1,10,31600
3002,12,256,5.4,32,10,8,144,185.5,1,80,43300
6993,6,32,5.6,20,32,4,165,172.9,1,15,32200
3370,16,64,6.7,12,16,4,120,238.4,0,65,32000
6988,8,512,6.5,32,8,6,90,238.5,1,45,45000
2706,4,512,5.2,12,5,4,60,233.2,0,15,24400
3984,8,512,5.9,24,5,4,90,220.7,1,33,38000
3363,3,256,5.1,32,5,6,165,179.3,1,65,29600
5290,2,128,6.0,20,32,8,60,223.5,1,80,30300
3063,4,128,6.3,16,32,8,90,186.8,1,18,30900
6691,16,32,5.2,48,10,6,90,179.4,1,10,44100
4257,16,256,5.6,12,8,6,144,217.0,1,65,45800
4178,3,512,5.8,200,40,8,165,157.2,0,33,47300
5742,3,512,6.8,32,32,8,144,154.4,0,33,34400
3559,4,64,7.0,20,8,8,60,190.3,1,65,22300
4222,8,64,5.1,32,10,8,144,190.1,1,10,35400
5814,12,512,6.5,20,32,8,165,230.6,0,80,45600
5657,16,512,5.7,20,5,6,120,161.4,0,33,52300
5125,16,256,5.8,20,5,4,120,161.1,0,80,43000
5229,3,128,6.5,64,16,8,60,163.3,0,33,27700
4097,6,64,6.8,48,20,8,120,152.7,1,65,38000
5560,3,128,6.9,16,12,4,144,156.5,1,18,24600
5193,12,256,6.2,16,40,4,60,209.4,1,15,38000
6127,8,512,5.7,32,20,4,165,188.8,1,45,44700
3863,8,128,6.6,32,32,4,60,218.7,1,33,35100
4481,6,512,5.5,20,8,4,60,239.3,0,100,32300
4163,16,512,6.1,64,32,4,90,209.3,1,25,51000
4029,3,32,5.7,20,8,6,90,154.5,1,18,25700
4538,8,128,6.3,64,8,4,60,159.4,0,100,30200
5802,12,128,5.5,20,20,4,120,229.3,1,80,40600
4737,4,512,5.4,12,12,6,90,197.5,0,45,28400
3806,2,256,6.8,12,16,4,165,224.2,0,10,27700
6529,2,32,5.2,24,20,8,144,227.1,0,10,18900
5175,2,512,6.0,20,12,8,90,233.5,1,45,34900
3782,16,64,5.4,48,5,4,60,235.5,0,18,34900
3209,3,64,5.1,200,5,6,120,199.9,1,18,37300
6913,6,32,5.1,24,8,8,144,180.7,0,45,26300
6248,8,256,5.4,32,10,6,90,236.6,1,18,41700
3163,4,512,6.7,108,32,8,120,199.3,1,45,44400
4498,12,128,5.6,20,32,4,120,155.8,1,33,40100
5945,4,32,6.9,12,8,6,120,207.8,1,25,24500
6243,12,256,6.2,108,10,6,60,202.9,0,80,44400
3995,16,128,5.9,64,40,6,165,230.6,0,15,40300
5804,3,64,6.2,108,12,8,120,208.8,1,65,36600
6263,2,64,6.0,48,40,8,144,181.4,0,25,23300
4353,3,128,6.5,20,40,8,90,237.0,0,15,22700
3791,16,32,5.6,16,5,4,144,222.1,1,65,39900
6081,6,64,5.7,108,40,8,60,206.7,1,10,32400
5957,6,512,6.8,16,32,4,60,176.4,1,25,40400
4136,16,128,6.9,64,20,6,144,183.6,1,100,50900
6196,12,128,6.8,24,10,6,165,210.3,1,25,44400
5499,8,64,5.8,16,12,4,60,156.5,1,18,26100
5652,8,32,6.6,24,5,8,60,173.1,1,15,35200
3198,12,512,6.0,12,40,4,144,214.3,0,18,47100
4660,6,32,6.0,200,20,6,60,193.2,1,10,34400
6597,6,256,5.4,20,10,6,165,186.2,1,80,43600
3354,6,256,6.2,108,8,4,165,163.6,1,10,36100
5974,3,64,5.4,12,8,8,165,189.8,1,18,25600
4207,6,64,5.7,12,8,8,90,219.4,1,18,28300
5277,4,64,6.7,50,32,4,165,173.8,1,15,32100
4233,2,256,5.4,8,12,4,165,150.5,0,33,22300
6010,6,32,5.1,48,8,8,90,210.2,0,18,25600
2702,12,32,5.1,24,32,6,120,237.5,1,18,36600
5755,2,64,6.9,200,16,4,60,204.6,1,80,32700
6718,3,512,6.0,50,32,8,165,160.8,0,25,39500
6996,12,32,5.8,8,5,8,60,178.9,1,25,39000
3266,2,256,6.6,200,32,6,144,228.1,0,18,32900
6889,12,128,6.7,48,12,6,60,170.9,1,10,39500
4827,3,128,5.7,24,20,6,90,204.7,1,80,29500
5431,4,128,6.4,20,40,6,60,186.2,1,10,25900
2697,3,512,6.5,48,32,6,60,168.7,0,65,35200
4430,3,64,6.3,108,8,4,60,223.2,1,33,25000
6082,12,256,5.3,12,5,8,120,216.9,1,25,46400
3108,16,512,6.8,8,10,4,120,209.5,1,25,48700
5772,8,256,6.1,8,8,4,144,171.3,1,80,39100
3647,6,256,5.6,200,5,4,90,158.8,1,45,39200
6782,6,64,5.9,8,16,4,60,201.9,1,10,25100
5897,4,128,5.1,24,40,4,60,199.8,0,80,20700
5011,4,64,5.3,108,10,6,60,167.0,1,15,27500
4294,6,512,6.5,48,16,6,60,155.1,1,45,40000
3159,8,512,5.0,12,20,8,120,157.3,1,100,46300
5311,6,512,5.8,108,5,4,144,239.3,0,10,40000
3869,16,64,6.0,50,16,8,165,220.5,0,45,40900
4486,8,256,5.1,20,40,6,90,233.0,0,80,31100
2646,4,256,6.9,16,40,6,60,167.6,1,15,25500
5719,2,32,5.5,108,20,6,144,236.5,1,33,30400
5411,12,512,5.6,200,40,4,165,162.8,1,45,61500
4234,16,256,5.6,50,5,4,144,195.8,1,33,50600
4343,16,32,5.5,12,5,6,120,224.7,0,18,37900
2988,4,256,5.0,200,40,8,165,181.5,1,25,43400
5476,4,512,6.5,200,16,8,144,188.2,1,65,53800
4459,3,128,6.9,16,5,6,120,161.5,0,25,23900
4885,16,512,5.4,16,8,8,144,161.1,1,100,59500
5419,3,64,6.3,108,40,6,144,205.8,1,15,30600
4302,3,256,6.5,200,5,8,165,210.8,1,33,37000
6561,12,256,6.7,8,12,6,120,220.0,0,80,38200
5869,3,64,5.8,32,20,8,60,200.1,1,33,27800
2762,8,64,5.6,12,40,4,90,208.1,1,80,31100
3123,6,128,5.7,8,5,6,165,151.2,1,80,38100
3516,2,256,6.4,12,12,6,120,164.6,0,100,26600
6143,4,256,6.6,32,5,8,144,238.6,0,45,33500
4549,8,128,5.4,20,5,6,120,156.8,1,25,33300
6223,2,32,5.7,32,16,6,90,211.1,1,18,23900
5608,16,128,6.8,64,8,6,90,165.8,1,33,43700
6590,16,512,6.6,108,40,4,60,214.5,0,45,50100
4556,16,256,7.0,108,20,4,60,213.5,0,18,44600
5670,8,64,6.5,50,40,8,90,171.1,1,15,36100
4182,8,512,5.8,8,8,4,165,174.3,1,65,45200
4755,4,256,6.2,50,10,8,165,208.9,1,33,35900
3654,6,128,6.3,64,16,4,144,185.1,1,100,33700
6999,3,512,5.2,32,16,8,60,167.5,1,18,43900
5691,16,256,6.1,108,8,4,144,215.9,0,80,47900
4196,12,32,6.4,24,32,4,60,163.9,0,45,34100
6491,6,32,5.3,32,16,8,90,227.0,1,25,30400
4148,12,64,6.6,32,40,6,165,196.3,0,100,39600
3945,4,256,6.2,64,8,6,165,159.5,0,33,32700
6699,4,32,6.9,20,16,4,90,212.5,1,45,27100
6423,4,128,5.1,12,5,8,144,196.7,1,100,28300
2753,2,256,5.5,200,8,6,144,176.8,0,65,33300
5683,12,128,6.2,200,8,8,120,188.0,0,33,48300
5057,6,128,5.6,64,40,6,60,176.9,0,15,29600
2598,6,32,6.4,12,12,8,144,173.7,1,25,30700
4700,8,256,6.5,108,16,4,90,164.7,0,15,30100
5461,8,512,5.2,64,16,8,144,182.6,0,18,40800
6933,16,32,6.0,12,8,6,165,172.6,1,18,45900
6277,8,32,6.0,50,5,4,60,211.5,0,25,27600
5369,4,256,5.7,64,5,8,120,211.5,0,45,34300
5734,6,256,6.9,108,20,6,60,195.2,0,18,32600
6291,12,128,6.7,64,5,4,165,220.0,0,10,37500
3456,4,256,6.4,108,16,8,165,225.7,0,10,31700
6567,2,128,6.4,64,32,6,165,202.2,0,100,26800
2660,8,32,5.9,12,12,8,165,205.7,1,100,29200
6993,4,64,6.8,20,8,8,90,175.5,0,33,27000
3800,4,512,6.4,48,10,4,120,230.5,1,100,38700
6487,2,32,6.5,12,12,4,165,152.2,1,65,25500
4027,3,256,6.7,8,40,6,165,181.4,1,100,29900
3718,6,512,5.5,16,40,4,144,215.0,0,65,36900
6996,12,64,6.6,20,32,6,120,157.2,0,100,38300
5604,16,64,5.4,50,10,8,60,166.5,1,15,46500
5235,3,128,5.7,32,12,8,120,203.0,1,80,36300
3454,8,512,5.7,200,5,6,120,200.4,1,65,45300
5946,4,128,7.0,12,16,8,120,216.5,0,45,25000
3545,2,32,6.7,64,32,4,165,223.1,1,33,24600
4193,2,512,6.4,12,10,8,165,161.6,0,25,36100
5936,6,32,6.5,24,32,4,90,151.7,1,65,26900
3062,3,128,6.1,20,12,6,60,212.1,1,18,29000
4985,16,512,6.9,48,16,6,144,177.1,0,80,53100
5854,6,128,6.0,50,32,8,120,206.3,1,15,34800
2725,4,512,5.8,24,10,8,60,163.5,1,10,35200
3459,6,128,5.3,108,8,4,60,192.2,1,15,30000
5567,12,64,6.6,24,12,4,90,195.4,1,100,41700
3315,2,128,6.5,12,8,8,144,202.7,1,33,24100
5620,2,64,5.8,50,5,8,120,196.2,1,80,30900
2516,8,128,5.1,12,8,6,144,194.6,0,18,26700
3743,8,512,6.7,108,8,6,90,179.9,1,65,44500
4705,16,512,5.0,32,20,6,165,156.4,0,15,57000
5024,4,512,6.4,50,12,8,60,158.1,1,80,42400
3569,12,256,6.9,32,5,8,120,189.0,0,65,41400
5944,3,32,5.9,20,8,8,165,182.0,1,33,32100
5065,6,512,5.5,20,40,6,90,196.5,1,25,36500
3560,16,64,6.4,32,16,8,144,177.4,1,10,48900
4827,4,512,6.6,20,10,4,60,211.9,1,33,28100
5920,8,256,6.1,50,8,8,120,227.8,1,100,40500
2801,6,64,6.9,64,5,8,165,176.9,1,25,32000
6776,8,256,5.1,8,8,8,165,167.4,1,100,44900
3106,6,64,6.0,20,10,8,60,160.5,1,15,29400
5670,3,128,6.4,20,5,8,144,205.5,0,25,25000
3199,4,32,6.7,12,12,4,90,189.9,1,100,25600
3639,6,32,5.4,32,5,4,144,166.9,1,25,26000
2690,12,256,6.6,16,12,8,144,208.8,1,33,38500
4800,16,32,6.1,48,5,6,144,163.4,1,80,48300
3480,2,256,5.8,200,40,8,60,199.9,1,10,37800
5475,12,256,5.3,200,32,8,60,197.4,1,10,54500
3684,12,256,6.7,24,10,8,90,216.1,0,100,37700
5827,16,32,5.3,20,10,6,144,155.0,0,100,44300
5894,2,256,5.6,24,5,6,60,229.9,1,25,27100
2627,12,32,5.6,50,32,6,90,213.3,1,15,38800
4565,6,256,6.7,16,8,4,90,169.5,0,100,32800
4316,6,512,6.3,48,10,6,144,166.5,1,25,42400
3069,6,256,6.6,32,40,4,120,188.8,1,45,32700
4395,2,64,5.5,8,12,4,144,223.6,1,10,24600
5233,12,256,6.2,48,12,6,120,225.9,1,100,47400
6363,2,128,6.1,48,16,6,90,196.8,1,33,26700
6514,6,256,6.7,8,20,6,60,227.5,1,18,29700
5401,16,64,6.8,64,32,4,165,150.5,1,25,45800
4186,12,64,5.0,32,20,8,90,153.2,1,10,42800
5509,12,32,6.3,12,20,6,60,232.1,1,100,40900
2654,8,512,5.1,24,12,6,90,219.8,1,80,38900
5037,8,256,6.1,200,40,6,144,190.6,1,25,43600
3909,3,32,5.6,20,40,4,120,217.8,1,15,26500
6557,4,512,5.6,48,16,4,90,236.0,1,100,37000
3284,8,256,5.7,50,20,8,60,219.5,1,25,37900
5675,2,128,6.2,200,20,6,144,225.8,0,100,31900
6841,8,256,5.7,200,5,4,165,218.5,1,18,49500
5306,3,64,6.5,8,5,8,144,165.1,1,65,27900
3037,12,64,5.8,24,5,6,120,225.0,1,65,40200
4341,3,128,5.1,16,8,4,144,167.6,1,25,27100
4955,12,32,6.6,8,20,6,165,230.3,1,15,37700
3024,16,512,5.6,16,40,6,60,191.3,1,100,48300
5450,16,256,5.9,32,40,4,90,210.9,1,25,41100
6631,12,64,6.4,48,8,4,120,194.8,0,80,36000
6615,4,32,5.7,50,40,4,165,158.5,1,15,30900
4868,8,128,5.1,200,16,6,120,176.2,1,80,41800
6347,2,64,5.7,20,32,6,144,238.5,1,33,24000
6995,2,128,6.9,16,12,8,120,236.5,1,65,31300
5201,6,256,6.3,24,20,6,165,178.8,1,65,39200
3471,12,512,6.3,64,40,4,90,239.7,1,100,48700
3666,2,64,6.3,32,12,6,90,226.1,1,18,24900
5274,4,64,5.4,64,40,8,120,205.0,0,25,24300
4482,12,256,5.8,32,32,8,60,153.6,1,25,42600
3353,4,32,6.5,12,5,4,120,231.1,1,33,27400
6646,2,512,5.2,24,20,4,144,200.2,1,45,36500
6236,2,64,5.6,200,10,8,90,228.2,0,18,29700
6269,6,512,5.6,64,8,8,90,225.1,0,25,44300
3074,2,64,5.9,50,8,8,90,225.0,1,18,21100
5761,12,512,7.0,48,20,4,60,212.8,0,15,43900
3648,16,128,5.1,8,32,8,60,176.2,0,100,46000
4215,12,64,6.0,20,5,8,165,180.3,0,10,34200
6354,12,512,5.4,48,8,4,120,177.8,1,15,50800
4991,6,32,6.9,200,5,6,120,151.8,1,80,37700
5160,6,128,5.2,48,16,6,144,202.4,0,65,28800
5624,2,128,5.8,32,12,8,90,212.9,0,10,23700
5551,3,32,6.5,50,32,6,60,226.8,1,33,28100
2504,3,512,6.4,200,10,6,144,162.6,1,45,46900
3376,6,256,5.8,32,12,6,144,199.0,0,33,33900
3491,2,32,5.7,108,12,6,60,150.7,1,25,26200
6642,3,512,5.8,16,16,8,120,158.6,1,10,41900
6864,2,32,5.5,20,8,6,90,154.9,1,65,26200
6965,2,32,5.4,16,10,6,120,215.3,1,100,30200
3135,2,64,6.0,8,8,4,144,157.3,1,45,24000
4193,8,512,5.5,108,20,8,90,214.5,1,18,47400
4182,12,256,5.6,24,12,4,165,172.5,1,25,43000
2619,2,64,6.3,8,20,4,144,229.0,1,33,17600
3330,8,32,6.9,8,5,8,120,223.2,1,10,27600
6175,6,32,6.2,12,12,6,120,236.2,0,33,25400
3869,3,32,5.2,20,8,4,120,229.5,1,10,17800
3240,12,512,5.2,32,12,8,60,234.0,1,100,50900
2616,16,512,6.9,50,5,6,144,227.3,0,65,51400
5338,3,64,5.6,16,16,8,90,212.4,1,18,27400
3650,12,256,5.2,8,20,4,120,165.3,0,100,35300
4431,16,64,6.2,16,40,6,120,174.5,0,15,42200
3512,3,128,6.2,16,20,6,60,169.1,0,65,27500
4164,12,32,6.3,24,8,8,90,204.3,1,100,40200
3581,3,32,5.5,200,12,6,144,195.3,0,45,30600
3012,3,32,5.0,20,8,4,165,228.0,1,33,23800
5349,16,64,6.9,20,16,4,60,235.7,1,65,42700
3059,3,64,5.5,64,12,4,144,186.4,1,45,26500
6172,3,32,6.4,48,40,8,165,195.6,0,33,26700
5843,16,64,6.4,20,12,6,120,237.4,1,15,45000
6570,6,512,6.2,16,40,6,120,174.9,1,80,50000
3970,2,512,5.6,32,8,6,90,221.3,1,65,31200
3080,4,64,5.5,16,8,4,165,170.3,1,45,26400
4794,8,32,6.2,32,5,6,120,211.3,1,33,29300
5647,4,64,6.7,200,32,4,120,172.8,1,33,40000
6749,4,64,6.9,200,32,6,90,229.5,1,100,37400
4179,12,64,5.2,64,16,4,144,200.5,0,10,29900
6006,2,128,5.3,32,32,6,120,166.7,1,100,33000
5244,12,512,6.9,20,5,8,60,170.2,1,45,53300
5856,2,256,6.5,24,20,8,60,194.4,1,25,31900
6545,16,256,6.8,32,40,4,144,236.5,1,65,50300
3743,16,128,5.4,200,12,4,165,219.3,1,100,54700
5618,2,64,6.2,16,8,6,90,193.9,1,33,28300
4641,3,128,6.4,50,12,6,60,180.4,0,33,21100
5559,6,128,6.4,20,12,8,60,199.4,0,80,29000
5459,3,32,5.8,50,10,6,144,217.4,0,65,23200
4765,6,512,5.0,108,20,4,165,220.6,1,80,42300
4979,12,256,6.2,108,10,4,165,179.2,1,15,45000
4135,6,64,5.5,16,32,4,144,214.9,1,100,34100
4257,12,256,5.9,108,12,4,60,209.2,1,18,43600
6952,16,256,6.9,48,40,4,90,236.3,1,45,50400
4570,4,512,5.8,200,8,8,60,233.8,1,45,45400
5349,16,256,6.7,64,40,8,165,221.0,1,15,53400
5751,16,256,5.4,20,12,4,60,215.1,1,65,44200
6230,4,128,6.3,50,20,6,90,174.7,1,100,33000
4989,6,512,7.0,16,40,4,120,226.1,0,10,34100
4131,6,32,5.2,48,10,8,60,188.5,1,80,32700
5316,12,64,5.0,16,8,4,144,174.5,1,15,38000
3515,3,256,5.9,48,12,8,120,184.6,0,10,26800
3848,12,64,5.2,200,16,8,144,225.2,1,80,47700
5587,3,32,6.5,108,20,4,144,163.4,1,15,37600
5339,16,64,6.8,108,20,4,144,191.1,1,45,49900
2835,4,32,5.9,200,16,6,60,194.3,0,45,29100
3395,16,128,5.5,200,40,8,165,153.3,1,33,55100
6046,2,256,5.9,32,12,6,120,167.6,1,80,31900
3351,6,32,6.4,12,20,4,90,224.4,0,18,20300
4187,3,64,5.0,200,8,8,165,224.8,1,25,36400
4431,12,256,6.2,16,12,6,60,176.3,0,65,32600
6246,4,128,6.2,32,12,6,144,228.7,0,65,23500
4927,3,256,6.3,20,10,6,90,219.5,0,80,25100
4068,12,32,5.5,32,20,4,120,187.6,0,15,31700
6500,6,128,6.4,8,20,4,165,217.4,1,15,30900
5238,16,64,5.2,108,16,4,165,236.5,0,25,45600
5998,6,128,5.4,8,10,8,90,191.3,1,100,31500
6413,8,128,6.8,16,40,4,60,171.5,1,100,34100
3566,2,512,6.5,50,32,8,120,234.8,1,25,40100
6880,8,128,5.0,50,40,6,90,204.3,1,100,39800
4944,4,128,5.5,200,40,6,144,159.5,1,18,41000
6607,3,256,5.4,20,10,4,120,201.5,1,33,35700
5873,4,64,5.5,32,20,6,165,195.1,0,100,26600
6469,16,256,5.5,50,12,4,90,227.0,1,45,47700
5046,12,256,5.1,48,10,8,165,197.8,1,18,45000
3253,6,32,5.9,200,16,6,165,173.0,1,100,35600
4582,8,256,6.5,48,10,4,165,210.8,0,45,32800
5274,8,512,6.2,20,16,6,60,198.8,1,25,43600
5396,16,512,6.3,64,40,6,165,171.0,1,25,59000
6685,8,32,5.2,108,32,4,144,201.6,1,80,40500
3275,16,64,6.9,32,10,6,144,223.9,1,65,42900
4125,4,64,6.7,200,16,6,120,152.6,0,10,29200
5569,6,256,6.6,16,10,6,165,206.8,1,45,39400
2917,3,256,6.6,24,32,6,165,181.5,0,80,27100
2614,12,256,6.9,24,40,8,90,176.3,0,18,38200
3116,3,64,6.1,24,10,6,60,185.3,1,100,26600
6474,4,128,5.4,50,8,6,120,180.8,0,15,30500
5767,12,512,6.2,64,16,4,165,224.9,0,45,48400
3325,8,128,6.5,64,32,8,90,174.7,0,10,28100
4016,2,128,6.5,32,16,4,60,216.0,1,15,19700
5646,4,64,6.0,32,16,4,120,158.5,1,33,29800
2912,4,128,5.1,64,5,4,120,235.6,1,10,26300
3228,6,32,5.7,20,32,8,165,206.0,1,80,31700
5848,3,256,6.8,32,10,4,120,213.6,0,10,27500
5308,4,32,6.2,20,16,4,90,176.8,1,100,28500
3175,4,512,6.1,200,20,4,120,187.1,1,18,42900
5965,8,256,5.5,8,5,6,144,170.1,0,15,35200
5004,8,128,5.7,48,8,4,90,233.9,0,10,26600
5467,12,512,6.8,108,16,8,60,193.9,0,100,54300
5286,16,256,6.3,200,40,8,60,206.7,1,25,54200
3622,16,128,6.6,32,16,6,165,216.1,1,10,46000
6579,2,32,5.9,64,5,8,165,183.4,1,10,33200
4071,16,256,6.3,48,10,8,144,214.8,0,65,43000
4643,6,128,5.5,48,20,6,60,210.8,0,15,25300
4187,2,32,6.4,12,40,4,60,213.5,1,65,25000
6632,12,512,5.9,200,8,6,60,194.0,1,65,60000
6351,8,512,5.9,64,40,4,60,184.5,0,100,41400
5940,16,512,6.3,108,16,4,120,170.0,0,65,52000
6266,3,512,6.9,64,10,8,90,224.2,0,10,36600
4826,8,64,5.1,32,32,6,90,204.8,0,80,33200
5414,6,256,6.6,16,20,8,144,190.0,0,80,31400
6452,8,256,5.6,8,32,8,120,235.0,1,25,35800
3095,6,64,5.9,20,20,4,60,154.3,1,80,29200
3228,6,128,5.0,16,8,8,60,226.5,1,25,30800
3865,6,128,5.6,8,12,6,165,239.8,1,80,31700
6992,12,512,6.0,16,20,8,165,229.8,0,33,48900
3198,6,32,5.1,20,12,8,144,222.9,0,25,23300
2895,6,128,6.0,50,32,4,60,183.7,1,45,24500
6671,3,32,6.9,64,20,6,144,170.8,1,15,28800
6860,2,256,5.2,16,8,8,120,216.1,0,15,26800
5002,4,32,6.5,32,5,4,90,177.4,1,15,24400
4319,2,256,5.8,108,8,8,60,165.8,1,100,32700
3217,6,64,6.3,200,8,6,120,220.8,0,18,27000
5282,3,64,5.5,24,5,8,60,178.1,0,25,21000
6077,8,512,5.3,32,5,8,165,232.3,1,80,49900
2643,3,128,5.3,20,10,4,144,225.7,1,25,27600
5640,6,512,5.1,108,20,8,165,226.3,0,65,46600
6991,3,256,5.4,32,32,4,90,219.4,0,33,24300
5438,16,512,6.3,48,10,6,165,229.3,1,100,54900
6136,3,32,6.8,64,5,8,60,222.5,0,25,24500
5722,6,256,6.6,108,12,6,165,204.2,1,18,41300
3667,12,64,6.4,48,32,6,60,176.6,1,15,38200
5116,16,128,5.2,32,12,8,90,229.9,0,10,35200
3562,3,256,5.6,8,8,4,165,225.7,0,45,22000
4656,4,256,5.6,12,16,6,144,192.6,1,15,31500
5482,4,32,5.5,8,8,6,144,153.5,0,80,26600
5794,3,128,6.0,64,8,8,144,207.5,0,45,30100
3656,12,64,6.1,108,16,8,165,154.6,1,33,44900
3232,8,256,5.7,108,20,8,165,233.4,0,15,37600
6830,6,256,5.7,64,5,8,165,236.5,1,65,41100
3453,4,32,6.7,48,12,8,60,167.1,0,15,24200
5039,8,512,6.6,12,8,8,90,210.9,1,33,43700
5824,3,64,5.6,32,16,4,144,158.3,0,15,22800
5801,8,128,6.8,200,10,6,60,215.7,1,15,40000
4042,16,256,6.9,20,8,4,144,181.3,1,65,47600
3691,2,256,5.7,8,12,4,60,211.3,0,100,23800
5493,4,64,5.7,8,5,8,165,183.6,1,33,31000
5181,3,512,6.0,24,8,6,144,163.1,1,65,39900
3717,6,256,6.9,12,8,4,165,186.5,1,25,36200
4040,12,64,6.8,20,20,8,144,160.1,1,15,40400
5736,16,32,5.2,8,40,8,120,201.9,1,18,42700
4886,3,512,5.8,20,16,6,60,153.7,0,15,32800
6219,6,128,6.1,200,10,4,120,197.5,1,33,36100
3888,12,256,6.0,32,10,4,60,229.8,0,45,31800
4356,12,64,5.4,108,32,4,90,225.4,1,65,41500
3865,3,32,6.7,20,5,8,144,229.5,1,18,27000
2999,16,128,6.4,8,32,6,90,233.0,0,25,33900
4180,8,64,6.7,48,12,6,90,159.4,0,80,29800
3010,8,64,6.7,12,5,4,60,161.6,1,25,26900
6812,12,128,6.5,64,8,8,120,200.1,1,65,44200
3824,8,32,5.9,16,40,4,165,230.5,1,45,33800
3655,2,32,6.2,50,8,6,60,237.7,0,65,20900
4327,12,512,5.3,50,10,8,165,154.2,1,10,51300
5641,12,256,6.3,16,12,4,90,182.0,0,18,34500
5986,6,128,5.4,20,16,4,165,169.2,0,45,25500
4310,8,128,6.4,12,12,8,120,218.0,0,18,33100
5423,16,128,5.5,20,8,6,60,207.6,0,65,41500
4714,12,32,5.2,200,16,8,120,160.8,1,100,48200
6686,16,256,5.3,200,12,4,120,193.5,1,18,57100
3213,2,512,5.0,200,40,4,60,211.7,1,10,38300
6102,6,64,6.4,64,40,4,120,220.1,0,45,27400
6634,3,64,6.5,12,12,4,144,151.8,1,10,27800
6022,16,128,6.0,16,16,6,144,230.1,1,10,42900
6768,12,256,5.3,200,8,6,144,201.2,0,80,48700
3743,2,32,5.2,200,12,4,165,223.1,1,100,33600
6209,4,256,5.0,20,16,6,120,222.7,1,15,30800
3581,2,256,5.3,24,20,6,60,167.1,1,100,31800
2955,2,32,6.8,8,40,6,60,159.9,1,33,26900
3394,6,128,5.5,48,20,4,165,214.9,1,80,31200
3884,3,256,5.7,108,8,8,60,164.1,0,65,26700
4458,4,64,5.2,48,16,8,144,226.5,1,65,26400
5572,8,32,5.4,64,20,8,120,215.4,0,25,30900
4496,8,512,6.0,20,16,4,60,225.8,1,15,36900
6785,16,128,6.2,32,12,6,60,176.9,1,33,46200
3004,2,32,5.5,200,8,6,90,178.5,1,18,30300
3714,6,512,5.1,12,20,4,90,210.4,1,100,35100
4031,6,512,5.8,20,32,4,90,152.8,1,45,34600
5940,8,256,5.5,12,12,8,120,215.4,0,10,34200
3323,16,256,5.4,108,40,8,144,225.2,1,18,52300
3428,16,256,6.9,24,32,4,144,187.4,1,25,45100
2633,16,32,6.2,48,32,8,144,218.8,1,100,42400
4605,4,32,6.1,8,5,6,120,165.7,1,45,28300
6127,3,128,5.8,108,5,4,120,179.0,0,25,30000
4352,4,256,5.9,108,8,4,90,237.7,0,10,27900
6675,12,512,6.1,48,20,6,60,238.8,1,80,48200
5433,12,64,6.4,108,20,6,165,196.1,1,15,43400
5784,3,128,6.4,32,20,6,165,234.1,0,80,23500
6798,8,32,5.3,32,16,8,60,197.0,1,45,37400
5311,3,128,6.0,50,12,4,90,176.2,1,80,29600
3750,6,128,5.8,50,20,8,60,174.0,0,45,24200
6012,12,128,6.7,32,12,6,60,233.7,1,33,38100
3756,2,128,6.3,16,8,8,165,165.5,1,33,29600
5876,2,64,6.1,24,32,6,90,202.2,1,80,26600
5986,8,256,5.2,12,20,8,120,200.0,1,65,39700
6084,6,512,6.2,24,8,8,165,216.6,1,80,42000
3896,4,128,5.2,64,20,6,120,194.9,1,80,33700
6137,6,128,5.7,108,5,8,90,174.5,0,65,32600
5830,2,128,5.3,8,10,4,60,165.2,0,15,13900
5203,2,256,6.4,108,8,8,144,205.9,1,100,36800
2970,12,32,5.4,24,20,8,144,214.7,1,65,41600
3853,6,32,5.8,32,40,4,90,201.3,0,45,22800
5283,6,64,6.8,200,10,6,144,216.5,1,100,45700
5331,2,32,5.4,48,8,4,120,162.7,0,10,21000
2857,4,128,6.0,64,40,8,144,229.4,1,15,31900
5519,8,128,5.8,32,40,6,90,202.4,0,10,29600
3167,16,128,5.0,24,16,8,90,161.4,1,18,44300
6968,8,64,6.6,48,40,8,120,191.6,1,33,37400
3645,6,128,5.1,8,20,4,144,226.0,0,10,23100
6685,8,32,5.9,200,16,4,144,230.8,1,25,41500
6219,2,256,6.1,24,5,6,60,173.8,1,80,28700
5245,2,256,6.3,12,20,6,165,214.0,0,45,23600
3039,6,512,6.4,20,32,6,90,159.0,0,10,31100
5279,6,32,5.5,48,40,8,60,153.0,0,10,32400
6636,16,128,5.0,24,5,4,90,200.4,0,18,40300
6275,16,256,6.4,32,10,4,60,212.5,1,80,48400
5008,12,32,6.1,12,8,4,165,221.6,1,80,35400
5279,6,256,6.7,16,40,6,60,180.6,1,18,35300
3424,4,128,6.6,48,12,4,90,150.6,1,65,28800
5456,8,256,6.7,200,5,4,144,193.2,0,18,40300
4081,6,512,6.0,12,12,4,90,151.4,0,25,30700
5824,3,512,5.7,32,40,6,120,158.3,1,100,41800
6985,12,256,6.6,24,12,4,120,179.4,0,25,37300
2755,3,32,5.9,108,40,6,120,189.3,0,18,21900
4338,2,32,5.4,8,8,4,120,175.2,1,33,24200
4444,16,32,6.7,200,10,4,165,202.4,0,65,42800
2509,8,256,6.8,108,8,4,144,155.0,1,33,40500
5371,6,32,5.9,200,20,6,144,163.0,0,25,36500
3297,3,128,5.2,20,5,6,90,212.6,1,80,24800
3515,8,512,5.8,200,12,4,60,162.8,1,25,45200
4324,2,128,6.6,12,8,8,90,207.6,1,15,24900
6969,16,32,6.8,20,40,6,90,154.9,0,45,41700
5636,4,128,5.4,8,8,6,90,186.7,1,15,27600
4693,12,32,5.1,12,8,4,90,166.0,1,18,35800
2723,8,256,6.8,50,5,8,144,159.9,1,10,42900
6658,8,128,5.8,32,10,4,60,201.0,1,33,32000
6425,4,256,6.1,12,32,6,90,233.6,1,100,30000
6500,8,256,6.9,32,8,6,144,154.9,0,15,37200
4133,2,64,5.1,108,5,4,90,187.9,1,65,31700
4652,2,32,6.3,64,12,4,120,213.7,1,33,25500
3010,4,512,5.1,48,40,8,90,191.6,1,15,35500
2884,12,32,5.8,64,20,8,90,222.6,0,80,35100
2904,6,512,6.6,24,32,6,165,166.2,1,45,38600
4500,3,32,5.9,48,16,8,120,236.4,1,25,28800
5256,6,256,7.0,200,32,8,60,184.7,0,25,35400
4168,8,128,6.1,48,40,6,90,180.7,0,15,29400
3960,3,128,5.6,16,32,6,60,228.7,0,18,17800
6136,4,64,5.4,48,40,6,120,200.7,1,65,32100
5224,4,512,5.7,8,5,6,90,196.5,0,18,30500
6678,12,512,5.7,64,16,4,165,215.4,1,33,51400
4548,3,512,5.1,108,8,6,144,202.2,1,45,40900
6646,2,256,5.7,32,8,6,165,164.6,1,45,30900
3216,3,512,5.9,24,32,6,165,210.7,1,25,37800
4323,8,128,6.4,48,5,8,144,162.0,0,45,33400
4581,2,256,6.3,24,16,6,144,222.5,0,18,22100
5919,16,32,6.4,108,8,4,144,239.1,1,65,52500
4074,16,512,5.0,24,12,4,90,184.0,0,65,48600
2749,16,512,5.4,200,10,6,60,190.0,0,25,53000
3173,4,32,6.3,108,10,4,60,154.2,1,15,30400
4665,3,512,6.0,200,8,8,144,151.2,1,65,52700
3270,16,32,5.0,48,16,6,165,232.9,1,18,42300
6462,6,256,6.6,108,20,4,120,161.6,0,10,34800
6863,12,128,6.5,48,8,4,144,190.1,1,15,38500
4484,6,32,6.1,200,20,6,165,223.4,0,100,35800
3577,16,64,5.1,16,20,4,165,230.0,1,80,42600
2735,12,32,6.5,16,40,6,90,196.7,1,45,36400
2888,8,512,6.2,108,40,4,90,200.9,1,45,44900
5537,6,256,6.6,16,16,8,60,210.3,0,10,30800
4348,3,256,6.5,32,20,4,60,236.5,1,15,27400
5314,3,32,6.6,32,12,4,120,204.2,0,25,17300
5874,6,128,6.0,16,16,6,120,200.4,0,18,25100
5778,16,64,5.3,16,8,4,120,151.3,1,10,41100
3752,3,256,6.3,50,32,6,120,157.3,0,80,28800
6481,8,512,6.2,50,12,8,165,201.9,1,65,51600
4622,2,512,6.5,48,5,6,165,234.3,1,25,33200
4650,16,128,5.3,108,10,6,60,228.0,1,100,47900
3829,8,256,5.4,20,8,4,90,238.4,1,25,35500
3858,12,32,6.8,20,8,8,90,197.5,1,10,35600
4982,8,512,6.5,16,8,6,144,220.9,1,10,43100
4517,16,128,6.8,24,12,4,165,225.6,0,10,38200
3831,12,256,6.5,16,5,4,120,208.3,1,10,39400
6844,16,256,6.2,50,32,6,120,180.5,1,25,50500
6761,3,256,6.3,48,16,4,144,192.3,1,10,33700
3858,2,256,6.8,16,40,6,90,227.2,1,15,23300
5677,16,256,6.2,64,5,6,120,176.9,1,25,49200
4628,16,512,6.3,24,12,6,90,233.1,0,65,49200
4680,3,128,5.3,64,8,8,144,170.7,0,15,28300
2637,4,256,5.9,48,10,6,90,217.5,1,80,35700
5972,3,64,6.4,48,8,4,90,206.8,1,65,26300
5332,12,64,5.5,32,16,8,90,217.5,1,100,45500
6079,3,128,5.4,12,20,4,120,189.4,1,45,26200
5531,3,32,5.6,64,10,8,60,233.9,0,25,26000
6664,2,32,5.5,32,8,8,165,206.9,1,45,31100
5093,3,32,5.4,50,32,8,90,175.9,1,25,26200
6800,16,64,5.8,8,10,8,90,207.5,1,65,46700
6318,2,32,6.8,24,20,4,90,175.8,1,100,26400
6638,6,512,6.0,8,40,6,60,176.4,1,18,41700
6323,4,256,5.4,108,5,4,144,186.0,1,18,35200
6542,2,64,5.2,200,12,6,120,226.7,1,15,32700
4406,12,128,6.4,50,40,4,60,195.0,1,10,41000
3260,6,128,5.8,50,8,8,90,211.1,1,10,31100
5945,2,256,6.6,8,16,8,60,185.3,1,18,31400
3399,2,64,6.3,64,5,6,60,173.7,1,65,25300
6955,4,32,6.6,12,40,6,60,235.9,1,100,33400
5447,16,32,5.5,64,8,4,144,204.3,1,15,41700
4219,12,512,6.4,8,5,6,165,234.1,1,65,46800
2780,8,512,5.5,108,40,4,120,168.3,0,10,43400
5766,8,32,6.9,64,16,6,144,163.2,1,15,34500
4387,2,128,6.3,20,8,6,144,227.0,1,45,30600
5766,3,128,5.6,64,20,6,165,211.3,1,33,33900
3166,12,512,5.5,48,20,8,144,166.8,1,80,51900
6688,6,256,5.4,200,16,8,60,174.2,0,15,34900
3171,3,32,6.4,32,10,4,60,222.1,0,10,16200
4469,3,512,5.4,24,16,6,90,190.8,0,65,32500
6656,12,512,6.2,200,10,4,144,210.3,1,45,59800
5622,16,32,5.5,64,8,6,90,178.7,1,80,50300
6400,2,32,6.3,12,40,8,120,184.3,1,80,27600
3023,2,128,6.6,200,10,8,60,239.2,1,15,33600
4893,2,256,6.6,12,8,6,120,172.3,1,80,32900
5617,2,256,6.5,200,8,6,165,195.6,0,45,37700
5093,8,32,5.4,64,32,8,60,226.0,0,100,33400
4468,2,64,5.2,16,12,8,120,171.5,1,65,22800
4253,8,512,6.4,50,8,4,165,187.4,1,15,42400
4796,8,512,5.7,200,10,8,120,205.4,1,80,50800
4761,16,32,5.9,64,12,6,165,193.3,1,100,47600
4786,2,64,5.1,50,12,4,165,191.4,1,65,29800
6702,4,128,5.5,20,8,6,60,182.6,0,25,25300
5378,6,32,5.1,8,16,4,90,202.8,1,100,32600
6643,3,32,6.8,20,16,6,165,206.2,1,25,28800
6144,8,512,5.5,64,20,8,165,208.8,1,25,44800
6932,12,32,6.1,12,12,6,60,156.3,0,100,29500
4555,12,32,5.1,16,8,4,90,206.8,1,80,36600
3776,6,32,6.3,108,32,6,144,235.8,1,25,32300
5266,12,512,5.6,50,16,4,144,198.7,0,80,43600
2802,4,128,6.8,32,32,6,90,214.4,1,80,24900
3138,12,128,6.8,50,8,8,120,200.1,0,65,35600
2555,3,32,5.7,48,8,8,60,226.9,1,45,24400
3025,3,512,6.8,24,40,6,90,233.7,1,80,37600
6623,8,128,7.0,64,12,6,144,166.6,1,65,40500
4625,2,128,6.7,20,40,6,165,189.3,1,33,32300
5787,16,128,6.7,32,32,4,144,185.3,0,25,38600
2864,4,512,5.5,12,40,6,165,186.5,0,15,34700
4146,8,512,6.2,12,20,6,60,161.3,0,80,38500
3418,4,32,5.1,12,12,4,165,223.2,0,100,24400
5297,2,256,5.2,108,5,8,90,153.2,1,25,33600
4031,12,128,7.0,48,40,6,165,197.5,0,25,39900
5845,12,256,5.7,12,32,6,120,209.6,1,33,43800
4406,16,512,6.5,12,16,8,90,168.7,1,15,51400
5586,2,512,6.6,64,16,8,60,231.5,1,65,38000
4575,8,512,6.7,48,16,4,90,225.5,1,33,40700
3213,16,256,7.0,200,10,6,120,192.4,1,45,56000
3562,2,512,5.5,16,8,6,60,187.0,1,25,29100
4476,6,32,5.1,16,12,4,144,171.3,0,80,25900
3796,3,512,5.8,48,16,8,120,215.7,1,80,40500
2625,16,64,5.3,24,5,4,60,161.9,1,33,39400
6096,16,256,5.0,108,16,8,165,211.2,1,45,58700
5783,8,64,5.7,32,20,4,90,225.8,1,18,33200
4103,4,512,6.6,50,8,8,60,170.6,1,10,37800
2566,6,32,6.1,64,32,4,90,228.0,1,100,30500
2732,8,128,5.6,8,8,8,165,153.0,1,100,38400
4656,2,512,6.3,16,40,8,60,232.2,1,18,35100
3669,2,32,5.5,200,32,8,144,160.7,1,25,29900
4658,2,256,5.0,48,32,8,120,208.1,0,65,28000
6706,2,64,6.5,32,40,8,60,172.5,0,15,19400
3993,4,64,6.2,48,12,6,165,225.3,1,18,31600
6507,6,64,6.5,50,40,8,60,196.1,1,45,33900
4972,12,256,5.1,32,10,6,90,162.2,0,80,39500
5160,3,32,6.7,16,32,8,60,201.4,1,10,27600
5239,4,256,6.2,12,32,6,144,186.7,1,25,34000
4261,4,64,6.1,48,40,6,60,209.5,1,10,23900
6014,12,512,6.2,200,12,4,120,229.4,0,15,49700
4475,12,128,6.7,8,16,8,60,186.8,1,80,39700
4862,3,256,6.2,16,20,4,90,176.1,1,45,25000
3376,3,256,6.2,200,5,4,60,151.3,1,100,35900
6312,12,32,7.0,20,12,8,144,201.7,1,15,39400
5948,2,32,6.5,8,10,4,165,186.2,1,18,23800
3812,4,256,5.9,24,12,8,60,183.7,0,100,25600
3960,8,64,6.4,108,8,4,60,166.5,1,100,39000
5209,3,128,5.8,16,16,8,120,188.7,0,45,25300
4824,3,32,5.5,12,16,8,144,238.6,1,18,26300
4233,12,64,6.2,16,32,8,165,176.8,1,33,41900
4105,6,512,6.9,50,16,6,90,204.0,1,15,37600
5063,8,32,6.9,32,16,4,60,219.9,0,65,27500
5921,8,64,5.7,48,40,6,165,217.4,1,80,37200
6017,3,64,6.1,32,16,4,90,179.6,0,45,19900
4897,2,128,5.4,32,16,4,144,205.0,1,80,29400
6235,6,128,7.0,16,5,4,144,228.4,1,15,34200
5370,8,512,7.0,50,10,6,165,151.4,1,18,47700
3660,3,64,6.3,48,32,4,90,189.2,1,65,28700
2742,8,64,6.6,48,40,6,144,170.2,0,10,27700
5090,16,128,6.4,32,16,8,165,185.0,1,65,45400
3563,6,32,6.2,24,32,4,144,187.4,1,45,32800
6824,6,32,5.1,108,10,4,144,217.2,1,80,40700
5095,16,256,5.9,50,40,8,144,158.4,1,65,57500
3419,4,128,6.3,24,20,8,120,196.1,1,25,28700
2505,16,256,6.4,64,16,4,90,200.8,1,18,42100
2967,12,128,5.7,64,32,8,165,194.5,1,18,39900
6670,12,512,6.9,8,12,6,165,215.9,1,25,45200
2503,3,64,5.3,32,40,6,90,184.5,1,100,27400
3145,6,512,6.0,48,40,4,90,235.0,1,100,44300
2617,4,128,6.4,16,32,6,90,193.4,0,15,21500
5428,4,64,6.4,48,16,6,90,201.4,1,33,29500
5051,8,32,6.3,200,8,4,60,224.3,0,10,35100
6789,8,32,5.6,200,5,8,165,174.8,0,25,38800
3346,16,256,5.3,48,12,4,60,156.8,1,15,49900
5262,4,128,6.3,200,12,6,144,213.7,1,80,44500
3641,16,128,6.2,12,8,4,144,193.5,0,25,37500
4310,16,32,5.4,48,16,4,165,230.7,1,33,41200
3223,8,512,6.4,8,40,6,144,238.4,1,25,43000
2724,6,64,5.9,24,40,6,90,185.9,1,33,28100
6708,16,512,6.3,64,5,4,60,187.4,1,33,50900
4548,2,512,6.7,48,12,6,90,186.7,1,33,38600
6915,6,32,5.3,48,5,6,144,179.2,1,18,35800
4073,4,32,5.0,200,12,6,60,220.4,0,65,29600
4328,4,32,6.6,12,16,6,90,218.3,0,18,17000
4417,16,256,6.2,50,20,6,165,193.1,0,15,41800
6734,6,512,6.4,16,12,6,90,154.0,1,18,41300
4526,8,128,6.7,50,20,8,144,177.9,1,18,36200
6244,8,64,6.6,16,12,4,60,176.3,1,80,32100
3401,12,256,6.9,108,40,6,165,223.0,1,25,48800
4539,4,128,6.1,48,10,4,60,157.9,1,18,29200
2509,3,512,6.0,12,16,8,165,222.5,0,33,35200
2760,12,32,5.8,20,8,6,60,210.2,1,25,31200
4173,8,512,5.3,200,20,4,144,215.9,1,100,50900
4719,6,64,6.1,32,8,6,165,188.9,0,80,31000
4560,8,256,5.6,200,16,6,120,211.2,0,65,42600
6213,6,256,6.8,64,32,6,60,204.8,1,80,42000
4119,12,64,6.2,24,8,6,60,219.2,1,33,36800
2820,4,128,6.2,64,16,6,90,190.2,1,25,33300
3842,8,128,5.7,24,40,6,165,192.6,1,65,38100
4876,16,256,5.1,108,8,6,120,207.9,1,10,53100
5332,6,256,5.1,50,20,8,144,159.7,0,45,34300
5324,4,32,5.8,8,10,8,90,189.3,1,80,29300
4494,3,128,5.2,48,8,6,120,237.5,1,65,31400
5458,6,64,6.2,20,20,6,165,153.4,1,15,36300
4538,12,128,6.8,24,12,8,120,178.4,1,65,44200
5990,3,32,6.8,32,16,8,60,178.3,1,45,27700
6177,3,256,6.3,24,5,8,60,207.0,1,33,34900
3618,2,256,5.4,8,32,6,90,159.5,1,25,22500
4104,8,32,6.7,64,40,4,165,206.6,1,10,29500
6527,6,64,6.8,12,5,4,165,158.6,1,15,32600
2735,3,256,5.4,64,40,4,120,158.5,0,65,27600
4469,2,512,6.5,108,16,4,90,215.5,1,18,37300
6929,12,256,5.6,12,40,6,165,179.2,1,33,46000
4408,4,512,6.6,64,10,4,60,238.0,1,80,38600
2875,16,32,7.0,32,8,8,120,153.4,0,80,38800
6030,16,32,5.1,200,10,8,144,190.1,1,45,55600
5135,6,256,6.8,64,5,4,60,160.2,1,33,36800
4070,3,128,6.2,32,32,8,90,181.6,1,15,31600
5060,16,512,6.9,32,20,6,165,239.8,1,100,61800
5891,8,64,5.9,200,32,4,60,230.0,1,10,38700
5465,16,256,6.7,12,16,4,144,154.3,1,15,47800
6143,16,64,5.1,50,16,6,144,200.7,1,10,41700
6350,16,256,5.7,16,10,8,90,208.3,1,25,47400
3372,2,128,5.1,48,20,6,60,168.9,0,25,20600
3752,3,128,7.0,24,10,6,120,163.1,0,33,25800
3814,8,128,6.6,16,8,8,60,231.4,1,33,31000
5398,3,128,6.7,8,12,6,144,237.2,1,80,31300
2577,6,32,6.9,50,20,8,90,239.3,1,18,28700
5121,6,32,5.2,16,12,8,90,221.1,0,45,25400
6727,6,512,5.8,12,32,6,120,209.7,1,18,41700
3100,12,64,5.1,8,8,8,90,181.1,1,15,35400
3565,16,256,5.4,20,40,6,90,165.4,0,80,43100
4636,12,256,5.5,50,40,8,90,157.1,1,10,40500
4949,2,32,5.9,16,12,4,90,212.4,1,100,23600
4843,6,256,5.5,8,5,8,90,220.6,1,65,34000
4363,8,32,5.2,20,32,8,144,224.4,0,25,27800
3818,3,512,5.3,64,12,6,60,232.2,1,18,35800
6097,16,64,5.3,8,8,8,165,229.2,0,45,43200
6262,4,512,6.9,200,12,4,90,240.0,0,100,42300
4690,8,128,6.5,12,16,4,165,172.0,0,100,34500
3492,16,128,6.9,64,10,8,165,218.7,1,25,48900
5212,12,128,5.9,12,5,8,144,202.8,0,33,36000
4692,12,512,5.6,16,16,4,90,173.5,1,100,47200
3748,8,256,6.6,48,16,6,165,238.4,0,15,33700
5554,12,64,5.7,16,8,4,90,230.8,0,15,32000
6533,6,128,5.6,64,10,4,120,161.6,1,33,37800
4497,2,128,5.5,32,10,8,120,152.4,0,10,26600
6187,3,128,5.3,16,20,8,120,211.9,1,80,30400
4651,2,64,5.5,64,32,4,165,204.4,0,33,22300
6518,16,128,5.7,8,5,6,120,234.2,0,15,41200
5610,3,64,6.3,108,32,4,144,171.1,0,100,31700
4470,3,128,5.1,16,8,4,144,157.6,1,15,28900
2697,2,512,5.4,8,5,6,165,173.3,0,65,30600
5126,8,512,6.6,12,20,4,90,151.7,1,80,40000
3702,3,64,5.3,50,12,4,60,153.2,1,45,22700
4535,2,512,5.7,48,16,8,90,232.3,1,65,37900
2977,3,64,6.7,12,5,6,90,181.7,1,10,24000
3754,4,512,5.3,12,32,8,90,187.0,1,25,34700
3422,8,512,5.2,64,16,8,90,151.7,1,65,46400
2919,6,64,6.0,32,8,6,60,174.3,0,10,24400
4704,3,256,5.6,24,32,6,120,222.4,0,10,22600
5097,4,512,6.1,108,12,4,90,205.4,0,45,38100
3620,6,128,6.6,32,8,8,144,217.8,0,25,27100
5568,6,256,5.3,64,40,6,165,190.2,0,18,37200
3450,16,64,6.2,200,12,8,165,177.9,1,33,51900
4836,3,256,6.0,48,12,8,144,193.5,1,100,33800
4743,2,32,5.3,108,16,6,90,179.1,1,18,26300
5145,3,32,6.2,108,8,4,60,225.5,0,33,21700
4357,4,512,5.5,64,8,8,120,176.8,0,33,35400
4365,6,512,6.0,20,5,6,165,209.4,1,100,42300
5412,3,128,5.2,12,32,4,120,162.3,1,25,28200
5353,2,256,5.9,50,40,8,60,211.8,1,10,30200
5728,16,32,5.6,20,8,6,165,232.2,1,33,43600
6219,3,512,6.6,64,5,8,120,204.8,1,10,35400
5728,8,256,5.1,20,40,6,60,200.4,1,45,38400
4871,16,512,5.8,50,10,6,120,236.5,0,65,50200
5391,2,512,5.9,64,10,8,90,206.5,1,10,41100
6256,4,32,6.5,64,40,8,60,173.4,1,25,28500
6725,6,32,6.1,108,10,6,120,176.3,0,100,28700
2594,3,512,6.3,20,20,4,90,213.5,1,10,33000
5174,2,64,6.6,8,8,8,90,216.2,1,100,28300
4455,16,512,6.7,16,20,6,60,177.3,1,80,50900
3293,8,512,5.6,64,32,6,144,181.1,0,33,36600
4334,2,128,6.1,20,8,4,165,239.2,1,45,29300
4616,12,128,6.7,24,5,4,60,159.2,1,65,41800
6606,8,128,7.0,48,20,4,90,186.4,1,25,28800
5825,16,64,6.8,24,20,8,90,155.6,0,45,40700
5419,4,64,5.7,20,32,6,60,223.9,1,65,32000
5097,6,512,5.4,12,20,6,144,158.3,1,45,40800
5705,16,128,6.0,12,12,6,165,210.7,1,45,45100
3314,4,64,6.5,20,5,4,120,155.1,0,15,19900
2845,3,32,6.0,108,10,6,60,210.6,1,33,23500
4849,2,512,6.0,108,5,8,165,225.9,1,18,36000
2862,12,256,6.7,64,12,4,165,185.9,0,65,41900
4943,8,512,5.7,50,32,4,90,197.0,1,25,37700
4765,8,256,6.7,16,32,4,120,186.1,1,10,36000
4688,2,128,5.8,64,8,4,60,177.0,0,45,23900
5505,12,256,5.7,24,5,8,90,222.3,1,45,39900
5781,2,128,5.9,200,40,6,90,174.5,0,65,30100
3484,3,32,6.5,16,40,8,144,215.1,1,80,31500
4139,4,256,5.3,24,32,6,165,168.6,1,18,34500
3327,16,512,5.4,108,20,8,60,172.5,1,45,55400
5230,8,128,6.9,20,32,4,60,180.3,1,15,34900
6031,3,512,5.4,50,32,4,60,203.0,0,100,36900
6951,4,64,6.1,24,32,8,90,190.9,1,15,30900
5435,3,128,6.2,108,32,8,144,217.1,1,18,31600
6376,12,256,6.0,50,40,6,120,169.2,1,15,44500
2626,8,128,6.3,64,40,8,90,151.0,1,100,39800
5677,16,512,5.5,20,10,8,120,219.9,1,10,53500
5556,2,32,6.1,48,10,6,144,223.9,0,33,24200
3103,2,128,5.7,12,8,6,165,155.4,0,10,17400
5949,4,256,6.3,32,32,6,60,205.0,0,33,24000
6646,16,64,5.3,50,40,8,120,184.0,1,80,50600
6033,6,32,6.1,48,5,6,90,221.5,0,80,26400
5867,12,64,5.4,48,12,4,120,228.7,0,80,33800
5868,4,128,5.6,50,8,4,165,226.6,1,15,25400
6297,6,512,5.4,48,40,4,60,219.9,0,80,37200
4292,3,512,5.4,24,5,8,120,174.2,1,33,37500
5361,12,256,6.7,48,32,4,165,223.1,0,10,40100
5976,3,512,5.6,108,16,8,90,198.0,0,65,38700
5917,16,32,6.9,16,32,8,144,154.7,1,45,46700
4145,8,512,6.9,24,10,4,90,191.1,0,33,38800
3705,12,256,6.1,48,12,6,60,234.8,1,10,36400
5530,6,128,5.3,64,40,8,90,229.9,1,10,35600
5372,8,128,5.7,12,40,4,90,159.2,0,45,25400
5572,2,512,6.6,20,20,8,90,217.0,0,65,30600
4354,6,64,5.7,48,12,6,90,222.5,1,10,26200
6521,4,128,5.2,8,20,6,60,174.4,0,100,28800
5208,2,512,6.1,12,12,4,165,192.4,0,25,29800
6002,2,256,6.7,64,10,8,120,214.0,1,33,33300
3832,4,512,6.6,108,20,8,144,189.5,1,15,39700
2701,12,128,5.4,48,5,8,120,160.2,1,80,41900
6007,2,256,6.3,108,20,8,120,213.5,1,15,33000
6712,16,512,5.4,48,8,4,144,232.0,1,18,54800
3074,6,32,5.4,32,5,6,60,208.7,0,100,22200
3036,8,256,6.7,16,8,4,144,219.6,1,15,36900
4125,2,32,5.5,108,32,8,60,182.3,1,45,24700
4622,6,64,5.5,16,12,8,120,166.5,1,25,29600
2885,3,256,5.0,12,5,6,60,207.8,1,65,32200
5781,6,32,6.7,200,12,8,165,179.5,0,45,36100
2974,8,128,6.6,32,32,4,144,227.4,0,100,27100
2917,6,128,6.3,20,16,4,165,161.0,1,100,33600
6100,4,64,6.5,24,40,6,120,189.0,1,25,28300
3454,8,256,5.3,16,12,4,144,185.7,0,10,27900
3705,12,256,5.9,32,32,4,120,234.4,0,15,32500
6620,3,256,5.7,200,12,4,165,163.8,1,80,49100
4490,4,64,5.2,16,32,4,120,150.9,1,80,28200
6072,12,256,6.0,50,8,8,144,171.4,1,15,41600
6880,6,128,6.8,64,32,4,144,223.8,1,25,38000
6658,8,32,5.1,20,20,6,120,168.8,0,10,30600
5213,3,128,5.6,64,16,6,144,171.7,0,65,26000
4703,4,128,5.4,48,12,4,144,161.7,1,25,27500
5620,12,32,5.5,16,32,6,120,214.4,1,80,41400
3466,12,128,6.8,48,32,4,165,156.2,0,100,37900
5932,3,64,5.9,8,12,6,144,179.8,0,100,20700
3188,16,32,5.9,16,40,6,144,175.4,1,18,46800
6743,6,128,6.5,32,16,4,144,200.0,1,33,32000
6201,3,512,5.3,20,16,4,144,215.7,1,45,40500
2841,12,128,6.0,48,32,8,120,198.0,0,45,40200
4224,2,64,5.9,16,5,4,165,233.8,1,80,22500
6922,4,256,6.2,8,8,4,165,235.6,1,45,35000
4292,3,128,7.0,64,16,8,60,182.5,1,45,28400
4259,16,256,6.5,32,16,4,144,220.0,1,25,41600
5712,12,512,5.8,50,10,4,144,216.5,1,65,48900
3489,6,128,6.7,16,20,8,60,230.4,1,80,32600
4762,12,32,5.3,50,16,4,165,190.3,1,18,37000
4982,6,256,5.1,12,8,4,90,197.7,1,65,32400
3451,3,512,5.4,20,20,8,90,187.4,1,18,38500
3222,6,32,5.7,16,20,8,165,226.5,1,80,32300
5889,8,32,6.0,108,12,6,144,170.7,1,10,35200
4579,8,32,6.2,8,12,4,90,171.6,1,10,30700
5217,8,32,6.8,48,12,6,120,183.5,1,45,34900
4832,16,128,6.0,200,12,6,120,170.7,1,100,49300
5876,16,128,6.0,108,10,8,60,200.5,1,25,50100
4000,2,128,5.1,12,16,4,165,162.1,1,45,27400
2785,16,512,5.1,20,12,4,165,178.8,1,33,51600
5995,3,512,6.1,64,32,8,90,232.2,1,10,41100
4565,12,512,5.9,32,5,6,144,186.8,0,45,43200
3268,12,64,6.7,50,12,8,165,217.3,1,100,43600
5557,2,512,5.3,12,16,4,90,160.2,0,18,24900
6789,16,128,5.0,48,12,8,90,172.3,0,18,44600
4661,6,128,5.9,32,10,4,165,222.7,1,15,35600
5793,2,64,5.5,64,8,6,90,218.7,0,25,19400
3446,6,64,5.1,48,8,4,60,184.8,0,18,20800
5835,6,512,6.4,8,16,6,60,235.9,0,15,31400
6650,4,256,5.2,50,32,6,165,232.0,0,10,30800
3981,12,64,6.2,200,8,4,144,236.6,1,18,40700
4401,8,32,5.6,108,40,4,60,188.5,1,45,35300
5951,16,128,5.3,16,8,6,60,167.8,1,100,48800
6564,6,32,5.8,12,5,8,165,206.4,1,33,34200
2554,4,128,6.6,16,16,4,120,211.6,0,18,16100
4323,12,128,5.8,200,32,6,90,161.3,0,33,45600
5962,8,64,6.5,32,16,6,60,220.8,1,33,34900
5579,6,64,5.3,16,8,8,120,151.6,1,33,34900
3332,6,32,6.5,108,8,4,144,193.4,1,65,33600
6908,2,128,5.5,24,8,6,120,179.8,1,33,29100
5306,2,32,6.4,32,20,8,165,216.6,1,65,31400
4990,12,256,6.1,50,10,6,144,178.1,1,100,51900
2827,8,32,6.9,48,12,4,144,224.4,1,33,28200
5810,6,512,5.8,200,40,8,120,203.5,1,15,53100
5800,12,32,5.1,50,10,6,165,221.5,0,33,35500
6175,12,512,5.0,16,16,8,60,239.0,1,80,49400
5554,3,512,6.7,20,40,4,120,211.1,1,25,31800
4643,16,512,6.0,32,5,8,60,238.6,1,15,51200
3811,2,256,6.6,200,12,4,120,152.6,1,18,33000
5691,8,32,5.5,48,5,6,60,180.4,0,100,29500
5038,6,32,5.7,64,32,4,120,159.7,1,100,31100
6483,12,256,5.1,8,20,6,144,173.6,1,80,44900
2664,6,128,6.9,50,16,6,90,225.5,0,80,26300
6777,3,64,6.3,50,20,4,144,152.9,1,80,31400
3322,8,32,6.9,32,16,6,60,196.8,0,80,23300
3443,12,64,5.5,20,5,8,165,201.0,1,80,37300
6925,6,256,6.2,16,5,6,144,200.5,1,10,36500
3274,2,128,6.4,200,5,4,90,192.8,1,45,29600
4698,16,128,5.6,16,16,8,60,221.2,0,100,44500
5656,3,128,6.7,32,8,8,144,162.0,1,80,33800
6742,8,256,6.9,50,5,6,120,178.0,1,18,41200
6195,3,512,6.8,48,20,6,165,205.4,0,10,38000
5952,2,512,6.5,200,32,4,60,212.2,1,15,39900
3414,8,64,5.6,8,12,8,144,186.4,1,15,31400
3808,3,512,5.6,200,16,4,60,228.8,0,65,39000
6677,4,512,6.9,32,40,6,120,187.4,1,45,42200
3013,2,128,5.0,48,20,8,90,186.2,1,15,26300
4420,2,128,6.4,48,10,4,144,153.3,1,80,32500
6094,2,64,6.4,64,32,4,60,199.6,1,100,27500
3909,4,32,6.2,200,10,4,60,213.8,0,65,27800
5690,4,64,7.0,200,12,4,60,160.3,1,25,34000
6991,6,64,5.6,108,8,4,90,177.5,1,10,31000
4055,12,256,5.7,24,5,8,60,220.3,0,25,36600
3304,16,256,5.2,8,16,4,165,182.9,1,25,49100
3779,3,64,5.9,12,20,8,165,171.7,1,80,31200
6077,6,64,5.5,20,40,4,60,210.5,1,25,28700
5401,3,64,5.7,24,5,6,165,167.7,0,25,23400
3887,16,512,6.7,64,20,6,144,230.6,1,15,54800
5261,12,256,6.9,200,16,4,165,159.5,0,65,49800
5179,4,64,5.4,8,10,6,60,213.6,1,25,26900
4606,12,128,5.7,16,5,8,120,195.0,1,45,40000
6723,4,128,6.9,24,12,4,144,228.3,1,18,29700
5268,16,512,5.1,16,8,8,90,161.4,0,65,52400
6453,12,512,5.2,20,12,4,60,211.0,1,45,44000
5686,6,32,5.3,16,8,6,90,201.5,0,18,24600
5780,8,32,6.2,20,32,8,120,193.2,0,25,24800
5073,6,32,5.3,8,20,6,90,194.2,1,33,30000
5099,3,512,6.9,50,5,6,60,215.0,1,100,39800
6533,6,512,5.9,20,5,4,60,234.4,0,45,35600
2736,16,512,6.0,48,32,8,120,158.2,0,25,49600
3804,2,128,5.5,12,8,6,60,151.8,1,65,26500
5930,3,512,5.9,12,10,4,120,222.5,1,15,37800
3801,12,128,6.3,32,16,4,120,159.7,0,25,37400
5041,3,32,6.5,12,12,4,60,238.8,1,33,21800
4551,8,32,6.5,32,32,6,165,205.7,1,25,34100
2941,4,32,6.2,200,40,4,120,208.6,1,25,35200
4576,12,64,6.8,12,40,8,60,167.9,1,100,37300
5680,3,64,6.6,20,20,8,165,171.6,0,15,24300
5157,12,256,6.5,48,32,6,120,209.3,1,45,47900
6298,12,256,5.1,50,12,8,165,231.9,1,80,50800
3304,12,256,5.0,16,12,4,144,238.4,1,80,42000
2574,4,64,5.4,64,20,6,144,167.8,1,65,26600
4675,16,64,6.3,12,20,4,165,162.1,1,25,43000
6424,6,256,5.8,50,5,6,120,155.1,0,65,32900
4589,12,256,5.8,50,12,6,60,228.1,0,45,38200
2540,2,512,6.8,20,16,4,90,176.5,0,45,25400
4581,16,256,6.8,8,40,8,60,150.2,1,15,45100
4122,8,512,6.8,8,16,8,90,170.1,1,80,39400
2841,4,128,5.6,12,8,6,90,180.6,1,80,31300
6552,3,64,6.4,64,32,4,120,239.2,0,65,23700
4574,4,256,5.5,12,20,4,165,197.1,1,100,34000
3145,3,64,5.4,12,5,6,60,168.4,1,80,25200
6763,4,64,5.4,32,16,8,165,180.1,1,100,32400
3109,3,64,5.7,48,10,4,144,179.7,0,100,20500
2954,12,128,5.9,48,40,8,120,151.8,0,45,35600
5453,6,32,6.7,64,5,8,120,162.2,1,15,31500
4208,3,256,5.2,32,5,6,144,212.6,1,65,32900
5972,3,32,6.5,50,16,6,60,160.8,0,18,20200
5469,2,32,6.1,200,10,8,144,170.8,1,65,40900
5528,3,32,5.6,32,8,4,60,181.6,0,100,24500
5181,2,64,6.0,12,16,4,90,218.2,1,15,24000
6129,8,512,5.6,8,10,6,120,202.4,1,45,43200
6725,12,64,6.2,24,5,8,60,212.0,0,45,39000
5567,2,64,5.9,64,40,4,165,201.0,1,100,29800
3886,6,32,5.3,50,10,4,165,211.5,1,100,31900
6276,16,64,5.2,20,5,6,120,150.3,0,33,41100
5366,12,32,6.1,24,32,8,144,233.8,1,33,41600
5863,2,512,6.8,24,16,4,144,160.0,0,100,35400
6624,12,256,5.7,32,20,6,60,186.6,0,80,39200
2648,12,32,6.5,16,16,4,144,219.4,0,65,29700
6350,12,512,6.3,24,32,4,120,189.2,0,80,47400
4558,8,256,6.9,12,12,4,60,235.2,0,45,30700
3636,6,128,6.6,108,12,6,90,192.1,0,18,28100
2686,4,32,6.1,8,12,8,144,228.7,1,65,23300
5354,4,32,6.3,200,16,6,144,223.0,0,80,32400
3750,2,128,6.8,8,8,8,60,238.3,1,80,27400
3833,12,128,5.8,108,16,4,165,233.4,0,10,41100
6693,2,32,5.7,48,40,8,144,230.8,0,65,22900
6650,8,128,5.0,12,32,4,120,215.8,0,18,28100
5211,8,64,6.7,20,40,4,144,183.0,1,15,31800
4285,3,256,6.6,24,32,6,90,159.6,1,15,33600
3250,8,256,5.2,48,20,4,144,212.0,1,80,37800
4262,3,256,6.2,12,10,6,165,238.1,0,100,25700
6420,6,64,5.9,32,16,8,144,215.4,1,18,34800
6960,2,128,5.2,8,16,8,60,233.6,0,18,21000
2981,16,512,7.0,48,5,4,144,222.4,0,45,44400
2653,6,128,5.4,64,32,6,165,164.7,1,10,31100
4024,8,32,5.1,24,5,4,60,172.4,1,45,33900
4620,6,256,6.2,24,5,6,120,180.8,1,18,35100
4843,6,128,6.5,20,16,6,60,165.1,0,25,26400
3740,6,512,5.1,16,8,6,90,202.3,1,100,39900
2560,8,32,6.3,64,10,8,60,237.8,1,18,31700
3438,16,64,6.1,24,10,6,120,218.5,1,10,41800
4139,12,64,5.2,50,40,8,144,188.1,0,18,37500
6620,6,512,5.3,64,32,6,60,150.4,0,65,40300
6726,3,32,6.1,24,20,8,60,178.2,1,65,31100
6069,8,256,5.6,108,32,8,60,197.4,1,33,42500
3752,6,128,6.9,64,8,8,60,179.2,1,10,29700
6703,16,32,6.6,12,8,4,120,160.0,1,80,43000
2671,12,64,7.0,64,10,6,165,189.8,0,80,31800
3958,8,512,5.5,200,12,4,165,172.8,1,15,54800
6049,4,512,6.9,20,5,6,60,231.8,1,18,37900
6697,12,128,5.9,32,5,6,120,159.2,0,25,35200
4822,3,512,5.7,32,10,4,120,154.4,0,10,30100
4136,6,512,5.1,32,32,8,60,150.5,1,25,39500
5615,16,32,5.1,12,8,6,90,179.5,1,33,46200
6590,4,256,6.4,48,32,8,60,209.4,1,18,30700
5504,16,128,5.9,32,20,4,90,215.7,0,15,38700
2829,4,32,5.5,200,12,8,60,190.8,1,45,33700
6140,8,256,6.2,8,10,6,90,211.6,0,80,35800
6394,4,32,5.5,12,5,6,90,182.4,1,65,28100
6607,3,32,6.2,48,16,6,60,210.1,1,10,21600
3841,3,512,5.7,8,32,4,90,153.7,0,25,28700
6163,2,256,6.6,8,8,6,144,185.2,0,18,23100
2715,3,128,6.6,8,16,4,165,221.2,1,45,25600
2838,12,128,6.0,50,20,8,120,222.3,1,100,46400
6562,4,256,5.7,20,10,6,90,214.5,0,100,25700
5208,3,512,5.7,20,32,6,90,168.4,1,65,36000
5652,8,64,6.6,12,5,6,120,172.2,1,100,34500
4250,16,32,5.7,200,32,8,90,239.6,0,80,46800
4921,16,512,5.4,200,12,6,120,159.3,1,33,63900
3209,2,256,5.2,200,40,4,60,166.3,1,100,36400
6226,16,32,5.9,8,16,8,144,161.7,0,65,43600
6142,4,128,6.0,108,12,8,144,179.5,1,33,34900
6493,2,64,6.7,64,20,8,165,168.9,0,80,29400
2988,4,128,5.4,48,5,8,90,194.8,1,65,32500
2546,8,256,5.8,20,16,8,165,192.8,1,100,38500
5859,2,32,6.6,32,20,4,60,231.1,1,10,23600
2900,6,256,6.6,12,12,8,144,153.1,1,100,37900
6490,12,32,5.8,48,12,6,60,178.8,0,65,38100
5657,12,512,5.9,12,40,8,60,203.7,1,10,47400
6845,4,64,5.6,108,16,8,90,204.4,1,10,34100
2890,16,512,6.9,50,5,8,60,193.2,0,33,48200
6353,6,512,5.2,50,12,8,144,223.4,1,80,45700
6930,2,256,6.9,8,10,8,165,155.6,0,100,32200
3128,6,64,6.4,50,40,4,144,223.4,1,45,31500
6732,6,32,6.1,12,20,4,90,194.5,0,80,22900
5430,16,32,5.1,32,16,8,144,162.0,0,45,45900
4021,2,128,6.0,8,8,4,120,229.7,0,45,14500
3326,8,32,5.8,24,8,6,165,208.4,1,25,30000
4000,16,256,5.3,200,5,8,120,164.7,1,33,56600
5794,6,512,6.3,48,10,6,120,153.0,1,15,43400
4919,6,512,6.9,108,12,6,90,162.7,0,18,43000
3434,8,512,6.1,8,8,8,60,204.8,1,18,35600
5542,6,64,6.4,12,5,6,120,166.1,1,33,29600
6997,6,32,5.1,48,20,6,144,170.3,1,33,28600
3966,6,256,5.8,32,40,6,60,152.3,0,45,30400
6061,12,64,5.2,16,10,8,144,215.1,0,33,36700
3114,16,128,6.2,108,10,8,144,222.9,1,45,53200
3682,3,256,6.9,12,32,6,60,221.7,0,80,25400
5723,16,256,6.3,108,5,8,60,161.5,0,15,50100
5167,8,256,5.2,20,5,8,144,231.3,0,25,35300
2630,6,512,5.7,16,32,6,90,210.5,1,45,37100
5483,16,256,6.1,48,40,8,165,230.8,1,33,48400
6778,12,32,5.8,50,12,4,165,190.2,1,10,40100
6959,8,256,6.7,12,5,8,90,189.3,0,100,33200
2538,4,512,6.6,108,32,4,60,220.6,1,18,39600
6459,16,256,6.2,48,12,6,144,158.4,0,15,45900
6087,4,128,5.7,50,40,8,165,196.9,1,100,40000
3420,6,128,5.5,32,12,6,144,225.3,1,65,31200
5269,12,512,5.2,32,16,6,90,224.7,1,33,48400
6611,12,32,5.7,108,10,6,144,236.1,0,45,39100
2992,16,32,5.8,8,20,6,90,212.8,0,25,34900
3631,8,64,6.4,20,10,6,60,168.7,1,10,29000
6021,8,512,6.3,8,10,8,90,151.8,1,25,45300
2810,12,256,5.1,20,16,4,90,193.1,0,100,34300
3238,8,512,5.8,12,12,8,165,196.2,1,10,39900
5741,12,64,5.4,200,12,8,144,171.6,1,18,52000
3045,16,512,5.3,24,5,8,165,161.2,1,33,56700
4961,3,512,6.7,108,16,8,120,202.8,1,65,43000
6846,12,64,5.1,64,5,4,90,218.8,0,100,41000
4304,4,32,5.8,200,16,8,120,239.4,0,45,30700
5712,8,256,5.3,108,5,6,165,218.2,0,18,40700
6310,12,64,6.8,16,8,8,144,221.4,1,65,42100
3313,12,128,6.1,50,32,8,165,205.5,0,25,35200
6624,16,32,5.5,16,10,4,144,238.7,1,18,46400
4532,8,128,6.0,32,10,4,144,207.6,0,65,32700
6913,3,32,6.5,20,40,6,60,227.4,0,65,22400
2744,16,256,6.9,50,20,8,90,235.1,1,25,48900
2771,3,256,5.4,200,32,8,165,233.7,0,65,35100
6011,16,512,6.8,32,12,8,144,184.3,0,15,53800
4271,8,128,6.9,50,20,6,165,157.1,1,10,30500
3762,2,32,6.8,8,8,4,165,165.5,0,15,15500
4924,8,256,6.3,32,40,6,144,155.3,0,25,37500
6861,8,64,6.3,8,20,8,120,159.5,0,80,32800
3420,3,256,5.8,8,40,4,90,166.6,1,18,28100
5930,3,64,6.5,50,10,4,90,180.7,1,45,23800
6935,8,32,6.1,48,12,6,60,198.9,1,45,38700
6984,8,256,6.4,16,8,4,60,214.1,0,100,36200
5124,8,256,5.9,32,10,4,60,169.0,1,100,37300
6260,3,32,6.5,64,32,8,90,210.5,1,25,28500
4550,8,256,6.6,48,5,8,120,213.4,1,100,44000
6000,8,64,5.3,16,16,4,90,200.3,0,45,32400
3665,6,256,6.7,32,8,4,90,231.3,1,15,33000
2875,2,128,6.1,200,12,6,90,160.0,1,45,38800
4533,4,512,6.7,20,40,6,90,165.9,1,15,34900
2645,2,64,5.9,16,20,4,120,188.6,0,80,17200
6888,6,128,5.8,64,32,8,60,161.4,0,25,28600
2931,4,32,6.8,108,20,4,165,201.0,0,33,25900
3204,16,64,5.5,12,8,4,60,185.9,0,80,36400
5132,8,512,6.7,8,32,8,60,175.6,1,80,44500
6994,6,512,6.0,12,12,8,165,165.3,1,45,47100
3463,16,32,6.0,48,8,6,90,180.2,1,25,45000
4734,8,32,5.6,108,12,6,120,204.7,0,10,26800
4541,3,64,6.1,8,20,6,120,201.8,0,65,20900
4328,12,256,5.7,32,10,6,60,164.7,0,80,40700
4608,6,32,5.1,48,32,8,165,161.2,0,100,31000
6568,3,256,5.5,64,5,4,144,152.4,1,15,31200
3438,6,128,5.0,50,10,6,90,151.1,0,10,29200
3306,6,512,7.0,32,5,6,60,229.2,0,25,29200
3963,3,256,6.9,16,20,8,120,154.1,1,33,31400
5915,4,512,5.8,50,40,8,165,215.8,1,10,42700
2510,2,256,6.5,48,32,4,165,228.5,1,33,27000
4368,8,128,5.7,16,10,4,60,158.8,1,45,33900
3384,6,32,6.3,64,10,8,144,189.3,0,18,26100
6064,8,128,6.6,12,8,6,120,236.6,1,65,38800
3889,12,32,6.9,16,16,6,60,225.1,0,45,30200
5901,3,32,5.8,12,20,6,144,194.1,0,25,24000
6821,8,512,6.6,8,12,4,165,218.6,1,18,44500
3324,3,128,5.5,20,20,6,90,225.0,0,33,19500
4765,8,256,7.0,24,12,6,120,181.3,1,18,31900
3436,2,128,5.1,32,32,8,120,230.3,0,100,26000
5300,2,512,6.2,24,12,6,144,192.3,1,100,38700
